,yearID,lgID,teamID,franchID,divID,Rank,G,Ghome,W,L,DivWin,WCWin,LgWin,WSWin,R,AB,H,X2B,X3B,HR,BB,SO,SB,CS,HBP,SF,RA,ER,ERA,CG,SHO,SV,IPouts,HA,HRA,BBA,SOA,E,DP,FP,name,park,attendance,BPF,PPF,teamIDBR,teamIDlahman45,teamIDretro,salary,RBI,GIDP,IBB,TB,SLG,OBP,OPS,WHIP,BABIP,RC,X1B,uBB,wOBA
421,2014,NL,ARI,ARI,W,5,162,81,64,98,N,N,N,N,615,5552,1379,259,47,118,398,1165,86,33,43,36,742,683,4.26,2,4,35,4333,1467,154,469,1278,101,147,0.983,Arizona Diamondbacks,Chase Field,2073730,102,102,ARI,ARI,ARI,97861500,573,115,31,2086,0.375720461,0.301874274,0.677594735,1.340410801,0.292915215,622.9952941,955,367,0.297934311
422,2014,NL,ATL,ATL,E,2,162,81,79,83,N,N,N,N,573,5468,1316,240,22,123,472,1369,95,33,43,27,597,547,3.38,5,13,54,4365,1369,121,472,1301,85,143,0.986,Atlanta Braves,Turner Field,2354305,99,99,ATL,ATL,ATL,97609000,545,121,31,1969,0.360095099,0.304658902,0.664754001,1.265292096,0.29802648,592.6888889,931,441,0.294795116
423,2014,AL,BAL,BAL,E,1,162,81,96,66,Y,N,N,N,705,5596,1434,264,16,211,401,1285,44,20,62,36,593,557,3.43,3,13,53,4384,1342,151,472,1174,87,156,0.986,Baltimore Orioles,Oriole Park at Camden Yards,2464473,100,100,BAL,BAL,BAL,103416000,681,112,29,2363,0.422265904,0.31123872,0.733504624,1.241332117,0.295696325,723.0456895,943,372,0.320621497
424,2014,AL,BOS,BOS,E,5,162,81,71,91,N,N,N,N,634,5551,1355,282,20,123,535,1337,63,25,68,52,715,653,4.01,3,7,36,4397,1458,154,482,1213,92,155,0.985,Boston Red Sox,Fenway Park II,2956089,102,101,BOS,BOS,BOS,139019929,601,138,36,2046,0.368582237,0.315501128,0.684083365,1.323629748,0.297369056,635.3828459,930,499,0.303048622
425,2014,AL,CHA,CHW,C,4,162,81,73,89,N,N,N,N,660,5543,1400,279,32,155,417,1362,85,36,60,38,758,687,4.29,3,6,36,4323,1468,140,557,1152,107,170,0.982,Chicago White Sox,U.S. Cellular Field,1650821,100,101,CHW,CHA,CHA,81830500,625,127,33,2208,0.398340249,0.30983823,0.708178479,1.405274115,0.306348425,673.1436242,934,384,0.310554357
426,2014,NL,CHN,CHC,C,5,162,81,73,89,N,N,N,N,614,5508,1315,270,31,157,442,1477,65,40,54,41,707,636,3.91,1,11,37,4390,1398,115,504,1311,103,137,0.983,Chicago Cubs,Wrigley Field,2652113,103,104,CHC,CHN,CHN,65522500,590,94,29,2118,0.38453159,0.299586435,0.684118025,1.29977221,0.295785441,625.4329412,857,413,0.300764628
427,2014,NL,CIN,CIN,C,4,162,81,76,86,N,N,N,N,595,5395,1282,254,20,131,415,1252,122,52,52,37,612,576,3.59,5,13,44,4338,1282,163,507,1290,72,120,0.988,Cincinnati Reds,Great American Ball Park,2476664,98,98,CIN,CIN,CIN,108217500,562,88,22,1969,0.364967563,0.296490931,0.661458493,1.237206086,0.28426772,575.1106713,877,393,0.292533606
428,2014,AL,CLE,CLE,C,3,162,81,85,77,N,N,N,N,669,5575,1411,284,23,142,504,1189,104,27,42,49,653,581,3.56,6,15,40,4405,1398,135,464,1450,116,139,0.981,Cleveland Indians,Progressive Field,1437393,97,97,CLE,CLE,CLE,82151899,644,126,24,2167,0.388699552,0.317179903,0.705879454,1.268104427,0.295597484,682.6459944,962,480,0.311383013
429,2014,NL,COL,COL,W,4,162,81,66,96,N,N,N,N,755,5612,1551,307,41,186,397,1281,85,48,48,48,818,770,4.84,1,4,24,4293,1528,173,531,1074,106,166,0.983,Colorado Rockies,Coors Field,2680329,115,116,COL,COL,COL,95403500,721,121,39,2498,0.445117605,0.326945127,0.772062732,1.438853948,0.325542571,809.8026294,1017,358,0.335248928
430,2014,AL,DET,DET,C,1,162,81,90,72,Y,N,N,N,757,5630,1557,325,26,155,443,1144,106,41,44,61,705,648,4.01,5,8,41,4362,1475,127,462,1244,101,153,0.983,Detroit Tigers,Comerica Park,2917209,105,104,DET,DET,DET,152855500,731,137,51,2399,0.426110124,0.330851408,0.756961533,1.33218707,0.319216758,790.0543389,1051,392,0.329348784
431,2014,AL,HOU,HOU,W,4,162,81,70,92,N,N,N,N,629,5447,1317,240,19,163,495,1442,122,37,55,36,723,657,4.11,7,3,31,4316,1437,139,484,1137,106,151,0.983,Houston Astros,Minute Maid Park,1751829,101,102,HOU,HOU,HOU,35116300,596,122,27,2084,0.382595924,0.309464611,0.692060536,1.335264133,0.29757607,635.5112757,895,468,0.305852481
432,2014,AL,KCA,KCR,C,2,162,81,89,73,N,Y,Y,N,651,5545,1456,286,29,95,380,985,153,36,53,47,624,565,3.51,3,14,53,4352,1386,128,440,1168,104,122,0.983,Kansas City Royals,Kauffman Stadium,1956482,105,104,KCR,KCA,KCA,74594075,604,131,22,2085,0.376014427,0.313526971,0.689541398,1.258731618,0.301640071,646.0860759,1046,358,0.304151258
433,2014,AL,LAA,ANA,W,1,162,81,98,64,Y,N,N,N,773,5652,1464,304,31,155,492,1266,81,39,60,54,630,590,3.58,3,13,46,4448,1307,126,504,1342,83,127,0.986,Los Angeles Angels of Anaheim,Angel Stadium of Anaheim,3095935,96,95,LAA,ANA,ANA,121988250,729,112,42,2295,0.406050955,0.322147651,0.728198606,1.221447842,0.305484247,730.6347656,974,450,0.318912484
434,2014,NL,LAN,LAD,W,1,162,81,94,68,Y,N,N,N,718,5560,1476,302,38,134,519,1246,138,50,61,43,617,554,3.4,7,16,47,4394,1338,142,429,1373,107,145,0.983,Los Angeles Dodgers,Dodger Stadium,3782337,96,95,LAD,LAN,LAN,217014600,686,119,30,2256,0.405755396,0.332524664,0.73828006,1.206417843,0.317783566,740.3717717,1002,489,0.32498131
435,2014,NL,MIA,FLA,E,4,162,81,77,85,N,N,N,N,645,5538,1399,254,36,122,501,1419,58,21,35,39,674,613,3.78,3,16,42,4373,1481,114,458,1190,97,154,0.984,Miami Marlins,Marlins Park,1732283,103,104,MIA,FLO,MIA,41836900,614,143,49,2091,0.377573131,0.316538524,0.694111656,1.330208095,0.316402379,657.8738202,987,452,0.305509565
436,2014,NL,MIL,MIL,C,3,162,81,82,80,N,N,N,N,650,5462,1366,297,28,150,423,1197,102,43,73,37,657,594,3.67,3,9,45,4373,1386,167,431,1246,99,130,0.984,Milwaukee Brewers,Miller Park,2797384,102,103,MIL,ML4,MIL,101217000,617,135,32,2169,0.397107287,0.31059216,0.707699447,1.246512692,0.292870906,659.3612574,891,391,0.310731176
437,2014,AL,MIN,MIN,C,5,162,81,70,92,N,N,N,N,715,5567,1412,316,27,128,544,1329,99,36,53,44,777,728,4.57,2,7,38,4305,1588,147,408,1031,97,136,0.984,Minnesota Twins,Target Field,2250606,102,103,MIN,MIN,MIN,83762500,675,97,29,2166,0.389078498,0.323614691,0.712693189,1.390940767,0.309099663,693.2901325,941,515,0.314753196
438,2014,AL,NYA,NYY,E,2,162,81,84,78,N,N,N,N,633,5497,1349,247,26,147,452,1133,112,26,56,47,664,605,3.75,5,10,48,4359,1392,164,398,1370,92,107,0.984,New York Yankees,Yankee Stadium III,3401624,100,101,NYY,NYA,NYA,197543907,591,111,16,2089,0.380025468,0.306840714,0.686866182,1.23193393,0.281894934,632.4237687,929,436,0.303591783
439,2014,NL,NYN,NYM,E,3,162,81,79,83,N,N,N,N,629,5472,1306,275,19,125,516,1264,101,34,54,44,618,568,3.49,1,11,42,4391,1370,141,509,1303,104,158,0.983,New York Mets,Citi Field,2148808,94,95,NYM,NYN,NYN,85556990,602,112,42,1994,0.364400585,0.308248439,0.672649024,1.283762241,0.286164284,606.7247829,887,474,0.297468564
440,2014,AL,OAK,OAK,W,2,162,81,88,74,N,Y,N,N,729,5545,1354,253,33,146,586,1104,83,20,49,43,572,524,3.22,7,13,31,4390,1269,147,406,1244,111,150,0.982,Oakland Athletics,O.co Coliseum,2003628,99,97,OAK,OAK,OAK,72408400,686,118,34,2111,0.380703336,0.319620762,0.700324098,1.144646925,0.278469341,667.9725983,922,552,0.309922443
441,2014,NL,PHI,PHI,E,5,162,81,73,89,N,N,N,N,619,5603,1356,251,27,125,443,1306,109,26,55,37,687,619,3.79,2,12,40,4405,1396,134,521,1255,83,133,0.987,Philadelphia Phillies,Citizens Bank Park,2423852,100,101,PHI,PHI,PHI,180944967,584,94,42,2036,0.363376762,0.302052786,0.665429548,1.305561862,0.29246852,605.8160767,953,401,0.293548228
442,2014,NL,PIT,PIT,C,2,162,81,88,74,N,Y,N,N,682,5536,1436,275,30,156,520,1244,104,47,78,35,631,562,3.47,2,7,48,4369,1341,128,499,1228,109,148,0.983,Pittsburgh Pirates,PNC Park,2442564,98,97,PIT,PIT,PIT,77178000,659,127,46,2239,0.404443642,0.329713082,0.734156723,1.263447013,0.306880844,723.164465,975,474,0.322786216
443,2014,NL,SDN,SDP,W,3,162,81,77,85,N,N,N,N,535,5294,1199,224,30,109,468,1294,91,34,41,45,577,523,3.27,4,10,41,4316,1300,117,462,1284,101,124,0.983,San Diego Padres,Petco Park,2195373,91,91,SDP,SDN,SDN,75685700,500,118,27,1810,0.341896487,0.292065663,0.63396215,1.224745134,0.276930894,523.6497744,836,441,0.281709328
444,2014,AL,SEA,SEA,W,3,162,81,87,75,N,N,N,N,634,5450,1328,247,32,136,396,1232,96,42,60,34,554,512,3.17,2,9,51,4356,1240,137,463,1317,82,139,0.986,Seattle Mariners,Safeco Field,2064334,95,95,SEA,SEA,SEA,92531100,600,112,33,2047,0.37559633,0.3003367,0.675933031,1.172865014,0.289601555,603.6654122,913,363,0.297506348
445,2014,NL,SFN,SFG,W,2,162,81,88,74,N,Y,Y,Y,665,5523,1407,257,42,132,427,1245,56,27,43,49,614,564,3.5,8,12,46,4347,1305,133,389,1211,100,155,0.984,San Francisco Giants,AT&T Park,3368697,95,95,SFG,SFN,SFN,163510167,636,113,37,2144,0.388194822,0.310658722,0.698853544,1.169082126,0.303933254,660.8564706,976,390,0.306466278
446,2014,NL,SLN,STL,C,1,162,81,90,72,Y,N,N,N,619,5426,1371,275,21,105,471,1133,57,32,86,39,603,564,3.5,8,23,55,4346,1321,123,470,1221,88,145,0.985,St. Louis Cardinals,Busch Stadium III,3540649,101,100,STL,SLN,SLN,120693000,585,140,28,2003,0.369148544,0.320159415,0.68930796,1.23630925,0.299503194,625.6615228,970,443,0.306082749
447,2014,AL,TBA,TBD,E,4,162,81,77,85,N,N,N,N,612,5516,1361,263,24,117,527,1124,63,27,66,53,625,579,3.56,3,22,37,4391,1292,145,482,1437,88,96,0.985,Tampa Bay Rays,Tropicana Field,1446464,97,97,TBR,TBA,TBA,72689100,586,135,31,2023,0.366751269,0.317104836,0.683856105,1.212024596,0.287430684,632.0410392,957,496,0.303389333
448,2014,AL,TEX,TEX,W,5,162,81,67,95,N,N,N,N,637,5460,1400,260,28,111,417,1162,105,59,61,45,773,711,4.49,6,17,33,4279,1510,160,505,1110,106,155,0.982,Texas Rangers,Rangers Ballpark in Arlington,2718733,101,101,TEX,TEX,TEX,112255059,597,148,37,2049,0.375274725,0.313889353,0.689164078,1.412713251,0.304584121,633.4920878,1001,380,0.303678103
449,2014,AL,TOR,TOR,E,3,162,81,83,79,N,N,N,N,723,5549,1435,282,24,177,502,1151,78,21,41,40,686,642,4,3,16,45,4329,1400,151,490,1199,87,130,0.985,Toronto Blue Jays,Rogers Centre,2375525,102,102,TOR,TOR,TOR,109920100,690,128,27,2296,0.413768247,0.322570124,0.73633837,1.30977131,0.29523586,734.9780202,952,475,0.323221949
450,2014,NL,WAS,WSN,E,1,162,81,96,66,Y,N,N,N,686,5542,1403,265,27,152,517,1304,101,23,56,41,555,495,3.03,5,19,45,4412,1351,110,352,1288,100,139,0.984,Washington Nationals,Nationals Park,2579389,104,102,WSN,MON,WAS,131983680,635,115,29,2178,0.392998917,0.320987654,0.713986572,1.157978241,0.303125757,690.1732959,959,488,0.315005712
451,2015,NL,ARI,ARI,W,3,162,81,79,83,N,N,N,N,720,5649,1494,289,48,154,490,1312,132,44,33,57,713,659,4.04,1,12,44,4400,1450,182,500,1215,86,146,0.986,Arizona Diamondbacks,Chase Field,2080145,107,106,ARI,ARI,ARI,61834000,680,134,40,2341,0.41440963,0.323807995,0.738217625,1.329545455,0.316037736,756.5636097,1003,450,0.322365487
452,2015,NL,ATL,ATL,E,4,162,81,67,95,N,N,N,N,573,5420,1361,251,18,100,471,1107,69,33,44,31,760,698,4.41,3,10,44,4276,1462,170,550,1148,90,186,0.985,Atlanta Braves,Turner Field,2001392,97,97,ATL,ATL,ATL,71781250,548,148,39,1948,0.359409594,0.314448542,0.673858136,1.411599626,0.297125353,605.7946019,992,432,0.298729543
453,2015,AL,BAL,BAL,E,3,162,78,81,81,N,N,N,N,713,5485,1370,246,20,217,418,1331,44,25,51,32,693,646,4.05,0,10,43,4304,1406,174,483,1233,77,134,0.987,Baltimore Orioles,Oriole Park at Camden Yards,2281202,103,104,BAL,BAL,BAL,115044833,686,127,23,2307,0.420601641,0.307216839,0.72781848,1.316682156,0.290501386,698.7829917,887,395,0.318500755
454,2015,AL,BOS,BOS,E,5,162,81,78,84,N,N,N,N,748,5640,1495,294,33,161,478,1148,71,27,46,42,753,694,4.31,3,10,40,4345,1486,178,478,1218,97,148,0.984,Boston Red Sox,Fenway Park II,2880694,104,107,BOS,BOS,BOS,181103400,706,127,28,2338,0.414539007,0.325330325,0.739869333,1.356041427,0.305053739,753.9839817,1007,450,0.324504694
455,2015,AL,CHA,CHW,C,4,162,81,76,86,N,N,N,N,622,5533,1381,260,27,136,404,1231,68,42,65,37,701,643,3.98,7,9,37,4358,1443,162,474,1359,101,159,0.983,Chicago White Sox,U.S. Cellular Field,1755810,92,93,CHW,CHA,CHA,112373700,595,125,22,2103,0.380083138,0.30634211,0.686425247,1.319642038,0.296216988,632.2814553,958,382,0.302898454
456,2015,NL,CHN,CHC,C,3,162,81,97,65,N,Y,N,N,689,5491,1341,272,30,171,567,1518,95,37,74,35,608,546,3.36,6,21,48,4384,1276,134,407,1431,111,120,0.982,Chicago Cubs,Wrigley Field,2919122,100,100,CHC,CHN,CHN,115879310,657,101,47,2186,0.398105992,0.321388033,0.719494025,1.151687956,0.304925723,688.4925718,868,520,0.316624183
457,2015,NL,CIN,CIN,C,5,162,81,64,98,N,N,N,N,640,5571,1382,257,27,167,496,1255,134,38,42,40,754,700,4.33,2,8,35,4360,1436,177,544,1252,90,131,0.985,Cincinnati Reds,Great American Ball Park,2419506,101,101,CIN,CIN,CIN,113072286,613,112,38,2194,0.393825166,0.312245894,0.70607106,1.362385321,0.290045357,679.1382891,931,458,0.310207822
458,2015,AL,CLE,CLE,C,3,161,80,81,80,N,N,N,N,669,5439,1395,303,29,141,533,1157,86,28,39,50,640,584,3.67,11,10,38,4298,1274,161,425,1407,79,136,0.987,Cleveland Indians,Progressive Field,1388905,106,106,CLE,CLE,CLE,87663766,640,134,34,2179,0.400625115,0.324533905,0.72515902,1.185900419,0.299212598,703.4681849,922,499,0.318709142
459,2015,NL,COL,COL,W,5,162,81,68,94,N,N,N,N,737,5572,1479,274,49,186,388,1283,97,43,33,34,844,799,5.04,4,4,36,4279,1579,183,579,1112,95,171,0.985,Colorado Rockies,Coors Field,2506789,119,118,COL,COL,COL,95688600,702,114,47,2409,0.432340273,0.31524805,0.747588323,1.51297032,0.312545323,754.6313758,970,341,0.324466555
460,2015,AL,DET,DET,C,5,161,81,74,87,N,N,N,N,689,5605,1515,289,49,151,455,1259,83,51,41,35,803,746,4.64,7,12,35,4341,1491,193,489,1100,86,165,0.986,Detroit Tigers,Comerica Park,2726048,97,98,DET,DET,DET,172284750,660,152,36,2355,0.420160571,0.32773794,0.747898511,1.368348307,0.322458629,765.5693069,1026,419,0.327095082
461,2015,AL,HOU,HOU,W,2,162,81,86,76,N,Y,N,N,729,5459,1363,278,26,230,486,1392,121,48,56,43,618,572,3.57,5,13,39,4323,1308,148,423,1280,85,131,0.986,Houston Astros,Minute Maid Park,2153585,97,99,HOU,HOU,HOU,72256200,691,102,22,2383,0.436526836,0.315188617,0.751715453,1.201249133,0.292010309,741.1550883,829,464,0.328208236
462,2015,AL,KCA,KCR,C,1,162,81,95,67,Y,N,Y,Y,724,5575,1497,300,42,139,383,973,104,34,77,47,641,601,3.73,2,8,56,4356,1372,155,489,1160,88,138,0.985,Kansas City Royals,Kauffman Stadium,2708549,104,103,KCR,KCA,KCA,112107025,689,133,28,2298,0.412197309,0.321769155,0.733966464,1.281680441,0.301108647,725.1158107,1016,355,0.321369343
463,2015,AL,LAA,ANA,W,3,162,81,85,77,N,N,N,N,661,5417,1331,243,21,176,435,1150,52,34,58,40,675,630,3.94,2,12,46,4322,1355,166,466,1221,93,108,0.984,Los Angeles Angels of Anaheim,Angel Stadium of Anaheim,3012765,94,95,LAA,ANA,ANA,120005415,621,116,34,2144,0.395791028,0.306554622,0.70234565,1.263998149,0.279593319,647.0102529,891,401,0.308260649
464,2015,NL,LAN,LAD,W,1,162,81,92,70,Y,N,N,N,667,5385,1346,263,26,187,563,1258,59,34,60,30,595,553,3.44,6,21,47,4337,1317,145,395,1396,75,133,0.988,Los Angeles Dodgers,Dodger Stadium,3764815,101,98,LAD,LAN,LAN,215792000,638,135,31,2222,0.412627669,0.326101358,0.738729028,1.18422873,0.291939547,713.1469401,870,532,0.325188946
465,2015,NL,MIA,FLA,E,3,162,81,71,91,N,N,N,N,613,5463,1420,236,40,120,375,1150,112,45,39,40,678,638,4.02,0,12,35,4281,1374,141,508,1152,77,162,0.987,Miami Marlins,Marlins Park,1752235,98,97,MIA,FLO,MIA,68056500,575,133,30,2096,0.383671975,0.309954369,0.693626344,1.318850736,0.307110796,644.45358,1024,345,0.304740955
466,2015,NL,MIL,MIL,C,4,162,81,68,94,N,N,N,N,655,5480,1378,274,34,145,412,1299,84,29,41,34,737,682,4.28,1,7,40,4305,1432,176,517,1260,116,164,0.981,Milwaukee Brewers,Miller Park,2542558,101,101,MIL,ML4,MIL,100850000,624,130,35,2155,0.393248175,0.306854366,0.700102541,1.358188153,0.302948403,654.6928038,925,377,0.306888065
467,2015,AL,MIN,MIN,C,2,162,81,83,79,N,N,N,N,696,5467,1349,277,44,156,439,1264,70,38,40,41,700,653,4.07,2,12,45,4329,1506,163,413,1046,86,150,0.986,Minnesota Twins,Target Field,2220054,103,104,MIN,MIN,MIN,107755000,661,133,31,2182,0.399122005,0.305328211,0.704450216,1.32986833,0.291829746,660.5851676,872,408,0.308440228
468,2015,AL,NYA,NYY,E,2,162,81,87,75,N,Y,N,N,764,5567,1397,272,19,212,554,1227,63,25,63,54,698,652,4.03,3,4,48,4373,1416,182,474,1370,93,135,0.985,New York Yankees,Yankee Stadium III,3193795,99,101,NYY,NYA,NYA,212751957,737,105,23,2343,0.420873002,0.322859891,0.743732893,1.296592728,0.283357245,746.8049338,894,531,0.326440869
469,2015,NL,NYN,NYM,E,1,162,81,90,72,Y,N,Y,N,683,5527,1351,295,17,177,488,1290,51,25,68,32,613,557,3.43,1,14,50,4388,1341,152,383,1337,88,131,0.986,New York Mets,Citi Field,2569753,94,92,NYM,NYN,NYN,96766683,654,130,42,2211,0.400036186,0.311856092,0.711892278,1.178669098,0.286901271,675.9815461,862,446,0.312493002
470,2015,AL,OAK,OAK,W,5,162,81,68,94,N,N,N,N,694,5600,1405,277,46,146,475,1119,78,29,40,38,729,664,4.14,5,15,28,4334,1402,172,474,1179,126,154,0.979,Oakland Athletics,O.co Coliseum,1768175,97,98,OAK,OAK,OAK,79053501,661,124,21,2212,0.395,0.312042906,0.707042906,1.298569451,0.287903041,684.5366255,936,454,0.31115623
471,2015,NL,PHI,PHI,E,5,162,81,63,99,N,N,N,N,626,5529,1374,272,37,130,387,1274,88,32,54,29,809,749,4.69,1,7,35,4309,1592,191,488,1153,117,145,0.981,Philadelphia Phillies,Citizens Bank Park,1831080,98,98,PHI,PHI,PHI,111693000,586,119,20,2110,0.381624164,0.302550425,0.684174589,1.448131817,0.29947039,628.0780933,935,367,0.301495233
472,2015,NL,PIT,PIT,C,2,162,81,98,64,N,Y,N,N,697,5631,1462,292,27,140,461,1322,98,45,89,41,596,532,3.21,0,13,54,4469,1392,110,453,1338,122,177,0.981,Pittsburgh Pirates,PNC Park,2498596,99,97,PIT,PIT,PIT,88892499,661,115,46,2228,0.395666844,0.323368692,0.719035536,1.23853211,0.314014252,703.2902167,1003,415,0.316010363
473,2015,NL,SDN,SDP,W,4,162,81,74,88,N,N,N,N,650,5457,1324,260,36,148,426,1327,82,29,40,42,731,655,4.09,1,6,41,4321,1371,171,516,1393,92,138,0.985,San Diego Padres,Petco Park,2459742,98,97,SDP,SDN,SDN,118441300,623,108,22,2100,0.384826828,0.300083822,0.68491065,1.3101134,0.292246521,624.6812851,880,404,0.301208144
474,2015,AL,SEA,SEA,W,4,162,81,76,86,N,N,N,N,656,5544,1379,262,22,198,478,1336,69,45,36,35,726,677,4.16,6,12,45,4389,1430,181,491,1283,94,155,0.985,Seattle Mariners,Safeco Field,2193581,92,94,SEA,SEA,SEA,122208700,624,123,31,2279,0.411075036,0.310684392,0.721759428,1.313055366,0.291965389,702.7736632,897,447,0.316209172
475,2015,NL,SFN,SFG,W,2,162,81,84,78,N,N,N,N,696,5565,1486,288,39,136,457,1159,93,36,49,37,627,597,3.72,7,18,41,4333,1344,155,431,1165,78,145,0.987,San Francisco Giants,AT&T Park,3375882,99,97,SFG,SFN,SFN,164701500,663,142,30,2260,0.406109614,0.326129666,0.73223928,1.228940688,0.313443232,729.189638,1023,427,0.321638697
476,2015,NL,SLN,STL,C,1,162,81,100,62,Y,N,N,N,647,5484,1386,288,39,137,506,1267,69,38,66,42,525,478,2.94,1,15,62,4394,1359,123,477,1329,96,159,0.984,St. Louis Cardinals,Busch Stadium III,3520889,102,101,STL,SLN,SLN,119241500,619,128,47,2163,0.394420131,0.321088882,0.715509013,1.253527538,0.303008248,683.2046745,922,459,0.314237316
477,2015,AL,TBA,TBD,E,4,162,84,80,82,N,N,N,N,644,5485,1383,278,32,167,436,1310,87,45,84,47,642,604,3.74,1,12,60,4360,1314,175,477,1355,95,118,0.984,Tampa Bay Rays,Tropicana Field,1287054,100,102,TBR,TBA,TBA,64521233,612,121,22,2226,0.405834093,0.314441507,0.7202756,1.23233945,0.299876695,683.8530654,906,414,0.316431177
478,2015,AL,TEX,TEX,W,1,162,81,88,74,Y,N,N,N,751,5511,1419,279,32,172,503,1233,101,39,76,54,733,680,4.24,5,9,45,4328,1459,171,508,1095,119,169,0.981,Texas Rangers,Rangers Ballpark in Arlington,2491875,102,105,TEX,TEX,TEX,143742789,707,99,32,2278,0.413355108,0.325195313,0.73855042,1.36344732,0.299759615,728.0206186,936,471,0.323972513
479,2015,AL,TOR,TOR,E,1,162,81,93,69,Y,N,N,N,891,5509,1480,308,17,232,570,1151,88,23,54,62,670,609,3.8,7,10,34,4323,1353,173,397,1117,88,145,0.985,Toronto Blue Jays,Rogers Centre,2794891,99,98,TOR,TOR,TOR,112992400,852,140,12,2518,0.457070249,0.339628733,0.796698982,1.214434421,0.297994269,849.1363711,923,558,0.347933042
480,2015,NL,WAS,WSN,E,2,162,81,83,79,N,N,N,N,703,5428,1363,265,13,177,539,1344,57,23,44,51,635,577,3.62,4,13,41,4304,1366,145,364,1342,90,125,0.985,Washington Nationals,Nationals Park,2619843,102,99,WSN,MON,WAS,155587472,665,129,38,2185,0.402542373,0.321016166,0.723558539,1.205855019,0.299646286,696.4756159,908,501,0.317861886
481,2016,NL,ARI,ARI,W,4,162,81,69,93,N,N,N,N,752,5665,1479,285,56,190,463,1427,137,31,50,38,890,821,5.09,2,7,31,4354,1563,202,603,1318,101,143,0.983,Arizona Diamondbacks,Chase Field,2036216,107,108,ARI,ARI,ARI,87439063,709,117,43,2446,0.431774051,0.32046332,0.752237372,1.492420763,0.31546745,775.1520888,948,420,0.327424267
482,2016,NL,ATL,ATL,E,5,161,81,68,93,N,N,N,N,649,5514,1404,295,27,122,502,1240,75,34,59,52,779,725,4.51,1,9,39,4343,1414,177,547,1227,101,134,0.983,Atlanta Braves,Turner Field,2020914,102,104,ATL,ATL,ATL,68498291,615,145,60,2119,0.384294523,0.320711604,0.705006127,1.354593599,0.304947669,671.3454122,960,442,0.309287951
483,2016,AL,BAL,BAL,E,2,162,81,89,73,N,Y,N,N,744,5524,1413,265,6,253,468,1324,19,13,44,36,715,671,4.22,1,9,54,4296,1408,183,545,1248,80,165,0.987,Baltimore Orioles,Oriole Park at Camden Yards,2172344,101,101,BAL,BAL,BAL,161863456,710,119,19,2449,0.443338161,0.317028986,0.760367146,1.363826816,0.29123776,768.7865487,889,449,0.33211135
484,2016,AL,BOS,BOS,E,1,162,81,93,69,Y,N,N,N,878,5670,1598,343,25,208,558,1160,83,24,43,40,694,640,4,9,5,43,4319,1342,176,490,1362,75,139,0.987,Boston Red Sox,Fenway Park II,2955434,108,106,BOS,BOS,BOS,188545761,836,137,34,2615,0.461199295,0.348439233,0.809638528,1.272516786,0.320128973,905.2569043,1022,524,0.352877171
485,2016,AL,CHA,CHW,C,4,162,81,78,84,N,N,N,N,686,5550,1428,277,33,168,455,1285,77,36,53,44,715,659,4.1,7,10,43,4340,1422,185,521,1270,95,148,0.984,Chicago White Sox,U.S. Cellular Field,1746293,96,97,CHW,CHA,CHA,112998667,656,122,16,2275,0.40990991,0.317273025,0.727182935,1.343087558,0.30427433,713.376353,950,439,0.319523497
486,2016,NL,CHN,CHC,C,1,162,81,103,58,Y,N,Y,Y,808,5503,1409,293,30,199,656,1339,66,34,96,37,556,511,3.15,5,15,38,4379,1125,163,495,1441,101,116,0.983,Chicago Cubs,Wrigley Field,3232420,95,93,CHC,CHN,CHN,154067668,767,107,45,2359,0.428675268,0.343452003,0.772127271,1.10984243,0.302348826,790.929534,887,611,0.339162798
487,2016,NL,CIN,CIN,C,5,162,81,68,94,N,N,N,N,716,5487,1403,277,33,164,452,1284,139,51,52,44,854,786,4.91,2,8,28,4326,1457,258,636,1241,102,142,0.983,Cincinnati Reds,Great American Ball Park,1894085,99,100,CIN,CIN,CIN,88940059,678,129,37,2238,0.407873155,0.315990058,0.723863213,1.451456311,0.303453343,699.0217208,929,415,0.316813938
488,2016,AL,CLE,CLE,C,1,161,80,94,67,Y,N,Y,N,777,5484,1435,308,29,185,531,1246,134,31,49,60,676,617,3.84,5,11,37,4335,1330,186,461,1398,89,126,0.985,Cleveland Indians,Progressive Field,1591667,110,109,CLE,CLE,CLE,74311900,733,137,16,2356,0.429613421,0.329033312,0.758646732,1.239446367,0.303914418,770.0575229,913,515,0.33232482
489,2016,NL,COL,COL,W,3,162,81,75,87,N,N,N,N,845,5614,1544,318,47,204,494,1330,66,39,40,34,860,779,4.91,2,9,37,4288,1532,181,547,1223,110,148,0.982,Colorado Rockies,Coors Field,2602524,117,117,COL,COL,COL,112645071,805,113,35,2568,0.457427859,0.336137172,0.793565031,1.454524254,0.325717064,856.8408644,975,459,0.345153734
490,2016,AL,DET,DET,C,2,161,81,86,75,N,N,N,N,750,5526,1476,252,30,211,493,1303,58,29,53,38,721,672,4.24,3,8,47,4284,1417,182,462,1232,75,148,0.987,Detroit Tigers,Comerica Park,2493859,101,101,DET,DET,DET,194876481,719,135,32,2421,0.438110749,0.330932897,0.769043646,1.315826331,0.312345679,791.9835521,983,461,0.336107272
491,2016,AL,HOU,HOU,W,3,162,81,84,78,N,N,N,N,724,5545,1367,291,29,198,554,1452,102,44,47,31,701,663,4.06,2,8,44,4404,1441,181,453,1396,77,135,0.987,Houston Astros,Minute Maid Park,2306623,90,89,HOU,HOU,HOU,94893700,689,134,31,2310,0.416591524,0.318601263,0.735192787,1.290190736,0.297758533,727.5799311,849,523,0.322595184
492,2016,AL,KCA,KCR,C,3,162,81,81,81,N,N,N,N,675,5552,1450,264,33,147,382,1224,121,35,45,34,712,674,4.21,3,7,41,4320,1433,206,517,1287,94,134,0.984,Kansas City Royals,Kauffman Stadium,2557712,105,106,KCR,KCA,KCA,131487125,640,134,23,2221,0.400036023,0.312156993,0.712193016,1.354166667,0.309134045,685.6879002,1006,359,0.312669449
493,2016,AL,LAA,ANA,W,4,162,81,74,88,N,N,N,N,717,5431,1410,279,20,156,471,991,73,34,51,49,727,676,4.28,4,12,29,4264,1480,208,498,1136,97,148,0.983,Los Angeles Angels of Anaheim,Angel Stadium of Anaheim,3016142,95,95,LAA,ANA,ANA,137251333,686,147,21,2197,0.404529553,0.321892702,0.726422255,1.391651032,0.289406877,700.1960352,955,450,0.319595385
494,2016,NL,LAN,LAD,W,1,162,81,91,71,Y,N,N,N,725,5518,1376,272,21,189,525,1321,45,26,58,32,638,598,3.7,3,15,47,4359,1266,165,464,1510,80,101,0.986,Los Angeles Dodgers,Dodger Stadium,3703312,93,92,LAD,LAN,LAN,221288380,680,120,31,2257,0.409025009,0.319419534,0.728444543,1.190640055,0.293811881,710.004468,894,494,0.320327761
495,2016,NL,MIA,FLA,E,3,161,80,79,82,N,N,N,N,655,5547,1460,259,42,128,447,1213,71,28,54,38,682,646,4.05,0,12,55,4305,1358,152,595,1379,86,137,0.985,Miami Marlins,Marlins Park,1712417,93,93,MIA,FLO,MIA,77314202,626,140,40,2187,0.394267171,0.322214919,0.716482091,1.36097561,0.313854854,695.7972973,1031,407,0.314765134
496,2016,NL,MIL,MIL,C,4,162,81,73,89,N,N,N,N,671,5330,1299,249,19,194,599,1543,181,56,37,39,733,650,4.08,0,7,46,4303,1450,178,532,1175,136,145,0.978,Milwaukee Brewers,Miller Park,2314614,99,99,MIL,ML4,MIL,68775237,641,131,34,2168,0.406754221,0.322231474,0.728985695,1.381826633,0.304240088,694.0232754,837,565,0.320855803
497,2016,AL,MIN,MIN,C,5,162,81,59,103,N,N,N,N,722,5618,1409,288,35,200,513,1426,91,32,44,43,889,814,5.08,4,3,26,4329,1617,221,479,1191,126,172,0.979,Minnesota Twins,Target Field,1963912,96,98,MIN,MIN,MIN,102583200,690,96,24,2367,0.421324315,0.316178836,0.73750315,1.452529453,0.299628253,742.0280542,886,489,0.322907653
498,2016,AL,NYA,NYY,E,4,162,81,84,78,N,N,N,N,680,5458,1378,245,20,183,475,1188,72,22,42,49,702,660,4.16,0,10,48,4285,1358,214,444,1393,86,116,0.985,New York Yankees,Yankee Stadium III,3063405,105,105,NYY,NYA,NYA,222997792,647,121,19,2212,0.405276658,0.314575033,0.719851691,1.261610268,0.288926499,690.8538682,930,456,0.316474604
499,2016,NL,NYN,NYM,E,2,162,81,87,75,N,Y,N,N,671,5459,1342,240,19,218,517,1302,42,18,62,41,617,574,3.57,1,13,55,4341,1397,152,439,1396,90,138,0.985,New York Mets,Citi Field,2789602,102,102,NYM,NYN,NYN,133889129,649,123,43,2274,0.416559809,0.316005922,0.732565732,1.268832066,0.28241206,707.3905622,865,474,0.320564944
500,2016,AL,OAK,OAK,W,5,162,81,69,93,N,N,N,N,653,5500,1352,270,21,169,442,1145,50,23,33,34,761,718,4.51,2,7,42,4300,1459,185,464,1188,97,152,0.984,Oakland Athletics,O.co Coliseum,1521506,90,91,OAK,OAK,OAK,86806234,634,142,19,2171,0.394727273,0.304043934,0.698771207,1.341627907,0.280331754,655.4651632,892,423,0.307400668
501,2016,NL,PHI,PHI,E,4,162,81,71,91,N,N,N,N,610,5434,1305,231,35,161,424,1376,96,45,58,30,796,739,4.63,4,12,43,4311,1468,213,466,1299,97,142,0.984,Philadelphia Phillies,Citizens Bank Park,1915144,91,93,PHI,PHI,PHI,58980000,574,112,33,2089,0.384431358,0.300538177,0.684969535,1.345859429,0.291316527,616.5723797,878,391,0.301224421
502,2016,NL,PIT,PIT,C,3,162,81,78,83,N,N,N,N,729,5542,1426,277,32,153,561,1334,110,45,81,36,758,679,4.21,5,5,51,4352,1490,180,533,1232,111,172,0.982,Pittsburgh Pirates,PNC Park,2249201,100,101,PIT,PIT,PIT,103778833,696,133,39,2226,0.401660051,0.332475884,0.734135935,1.39453125,0.311170863,724.7357038,964,522,0.32379712
503,2016,NL,SDN,SDP,W,5,162,81,68,94,N,N,N,N,686,5419,1275,257,26,177,449,1500,125,45,58,36,770,708,4.43,1,9,35,4320,1425,183,569,1222,109,165,0.982,San Diego Padres,Petco Park,2351422,99,99,SDP,SDN,SDN,101424814,654,93,30,2115,0.390293412,0.298892989,0.689186401,1.384722222,0.290629963,621.3803681,815,419,0.302837154
504,2016,AL,SEA,SEA,W,2,162,81,86,76,N,N,N,N,768,5583,1446,251,17,223,506,1288,56,28,72,41,707,647,4,2,8,49,4371,1410,213,460,1318,89,158,0.985,Seattle Mariners,Safeco Field,2267928,98,97,SEA,SEA,SEA,135683339,735,138,29,2400,0.429876411,0.32634634,0.75622275,1.283459163,0.297349866,769.3874199,955,477,0.331367244
505,2016,NL,SFN,SFG,W,2,162,81,87,75,N,Y,N,N,715,5565,1437,280,54,130,572,1107,79,36,42,46,631,593,3.65,10,11,43,4381,1334,158,439,1309,72,136,0.988,San Francisco Giants,AT&T Park,3365256,103,102,SFG,SFN,SFN,172253778,675,120,43,2215,0.39802336,0.329477912,0.727501272,1.214106368,0.298811157,725.0993971,973,529,0.319847946
506,2016,NL,SLN,STL,C,2,162,81,86,76,N,N,N,N,779,5548,1415,299,32,225,526,1318,35,26,70,41,712,656,4.08,2,10,38,4345,1432,159,475,1290,107,169,0.983,St. Louis Cardinals,Busch Stadium III,3444490,100,99,STL,SLN,SLN,143053500,745,117,28,2453,0.442141312,0.325141471,0.767282783,1.316685846,0.294117647,783.8776753,859,498,0.335000812
507,2016,AL,TBA,TBD,E,5,162,81,68,94,N,N,N,N,672,5481,1333,288,32,216,449,1482,60,37,69,28,713,665,4.2,1,8,42,4279,1395,210,491,1357,94,129,0.984,Tampa Bay Rays,Tropicana Field,1286163,93,94,TBR,TBA,TBA,57097310,647,88,20,2333,0.425652253,0.307117969,0.732770222,1.322271559,0.293098924,701.0802698,797,429,0.32066256
508,2016,AL,TEX,TEX,W,1,162,81,95,67,Y,N,N,N,765,5525,1446,257,23,215,436,1220,99,36,70,40,757,700,4.37,1,6,56,4329,1441,201,534,1154,97,190,0.984,Texas Rangers,Rangers Ballpark in Arlington,2710402,106,105,TEX,TEX,TEX,176038723,746,114,23,2394,0.433303167,0.321528578,0.754831746,1.368676369,0.298062954,755.8309009,951,413,0.330176918
509,2016,AL,TOR,TOR,E,2,162,81,89,73,N,Y,N,N,759,5479,1358,276,18,221,632,1362,54,24,55,40,666,613,3.78,0,10,43,4378,1340,183,461,1314,88,144,0.986,Toronto Blue Jays,Rogers Centre,3392099,111,110,TOR,TOR,TOR,138701700,728,153,16,2333,0.425807629,0.32951982,0.755327449,1.234125171,0.288871951,759.7234495,843,616,0.332583199
510,2016,NL,WAS,WSN,E,1,162,81,95,67,Y,N,N,N,763,5490,1403,268,29,203,536,1252,121,39,64,63,612,570,3.51,1,12,46,4379,1272,155,468,1476,73,142,0.988,Washington Nationals,Nationals Park,2481938,100,98,WSN,MON,WAS,141652646,735,102,49,2338,0.425865209,0.325532261,0.75139747,1.19205298,0.292825769,752.303684,903,487,0.327558978